DEPARTAMENTO;CATEGORIA;CATIA;LA GUAIRA;MARICHE;GUATIRE;ALUMINIOLOGO WEB;DISTRIBUIDORES
VENTANAS Y PUERTAS CORREDIZAS;VENTANA Y PUERTA PANORAMICA;10,05%;7,86%;6,83%;6,83%;1,44%;0,91%
VENTANAS Y PUERTAS CORREDIZAS;VENTANA Y PUERTA CARONI;4,37%;3,42%;4,40%;4,40%;0,46%;0,00%
VENTANAS Y PUERTAS CORREDIZAS;VENTANA BELGLASS;0,55%;0,50%;0,58%;0,58%;0,00%;0,00%
VENTANAS Y PUERTAS CORREDIZAS;VENTANA VISTAGLASS;0,79%;0,24%;0,60%;0,60%;0,00%;0,00%
VENTANAS Y PUERTAS CORREDIZAS;VENTANA Y PUERTA CORREDERA SERIE 1000;1,22%;2,07%;1,96%;1,96%;0,18%;0,00%
VENTANAS Y PUERTAS CORREDIZAS;PUERTA DE VITRINA;0,54%;0,25%;0,38%;0,38%;0,06%;0,00%
VENTANAS Y PUERTAS CORREDIZAS;VENTANA ECOBEL;0,26%;0,05%;0,27%;0,27%;0,00%;0,00%
VENTANAS Y PUERTAS CORREDIZAS;VENTANA Y PUERTA AMPLITUD;0,05%;0,05%;0,06%;0,06%;0,00%;0,00%
VENTANAS ABATIBLES;VENTANA PROYECTANTE COMERCIAL;0,24%;0,40%;0,61%;0,61%;0,26%;0,00%
VENTANAS ABATIBLES;VENTANA PROYECTANTE LONDON;0,33%;0,12%;0,26%;0,26%;0,00%;0,00%
VENTANAS ABATIBLES;VENTANA PIVOTANTE;0,20%;0,03%;0,11%;0,11%;0,00%;0,00%
VENTANAS ABATIBLES;PIVOTANTE;0,00%;0,00%;0,00%;0,00%;0,00%;0,00%
DIVISIONES DE AMBIENTE;PAÑO FIJO;3,09%;4,76%;2,70%;2,70%;9,56%;0,00%
DIVISIONES DE AMBIENTE;ROMANILLA;0,34%;0,41%;0,11%;0,11%;0,00%;0,00%
DIVISIONES DE AMBIENTE;ROMANILLAS;0,00%;0,00%;0,00%;0,00%;0,00%;0,00%
DIVISIONES DE AMBIENTE;CURTAIN WALL JUNTA POSITIVA Y JUNTA NEGATIVA;0,19%;0,00%;0,00%;0,00%;1,16%;0,70%
PERFILES ESTANDAR;ANGULOS Y PLETINAS;7,36%;6,35%;5,53%;5,53%;1,00%;0,82%
PERFILES ESTANDAR;TUBOS RECTANGULARES UES TES Y REMATES;8,45%;6,11%;6,42%;6,42%;1,65%;1,25%
PERFILES ESTANDAR;TUBOS CUADRADOS Y REDONDOS;3,64%;3,20%;2,74%;2,74%;0,02%;0,70%
PRODUCTOS ESTANDAR;VENTANAS ECO;0,21%;0,74%;0,47%;0,47%;0,00%;0,00%
PRODUCTOS ESTANDAR;ESPEJOS ECO;1,39%;1,25%;1,53%;1,53%;1,10%;0,82%
PRODUCTOS ESTANDAR;PUERTAS DE DUCHA ECO;0,21%;0,37%;0,21%;0,21%;0,00%;0,00%
PRODUCTOS ESTANDAR;PUERTAS ECO;0,07%;0,85%;0,76%;0,76%;0,00%;0,00%
PRODUCTOS ESTANDAR;PERSIANAS ECO;0,33%;0,45%;0,46%;0,46%;0,09%;0,06%
PRODUCTOS ESTANDAR;TOLDO ECO;0,06%;0,09%;0,07%;0,07%;0,00%;0,00%
PUERTAS EXTERIORES;PUERTA BATIENTE ENMARCADA;0,90%;2,27%;0,95%;0,95%;0,64%;0,00%
PUERTAS EXTERIORES;PUERTA BANCARIA TIPO P;1,11%;0,49%;0,89%;0,89%;0,08%;6,20%
PUERTAS EXTERIORES;VENTANA Y PUERTA SANARE;0,00%;0,01%;0,00%;0,00%;0,00%;0,00%
PUERTAS INTERIORES;SISTEMA PUERTA TODOVISION;0,17%;0,13%;0,17%;0,17%;0,01%;0,00%
PUERTAS INTERIORES;SISTEMA PUERTA PLEGABLE;0,52%;0,05%;0,17%;0,17%;0,00%;0,00%
PUERTAS INTERIORES;PLEGABLE;0,00%;0,00%;0,00%;0,00%;0,00%;0,00%
PUERTAS INTERIORES;SISTEMA PUERTA TODOVISION SUPERFICIAL;0,05%;0,03%;0,05%;0,05%;0,00%;0,00%
PUERTAS INTERIORES;SISTEMA PUERTA MINI EURO PIVOT;0,03%;0,01%;0,01%;0,01%;0,00%;0,01%
PUERTAS INTERIORES;SISTEMA PUERTA EURO PIVOT;0,02%;0,01%;0,00%;0,00%;0,00%;0,00%
BARANDAS;BARANDA BASTONES A PRESION;0,24%;0,27%;0,49%;0,49%;0,00%;0,00%
BARANDAS;BARANDA SEPARADORES;0,14%;0,04%;0,11%;0,11%;0,00%;0,00%
BARANDAS;BARANDA INOX;0,02%;0,04%;0,11%;0,11%;0,00%;0,00%
BARANDAS;BARANDA ZOCALO;0,25%;0,03%;0,00%;0,00%;0,00%;0,00%
BARANDAS;BARANDA BASTONES PERFORACION;0,02%;0,00%;0,00%;0,00%;0,00%;0,00%
PUERTAS DE BAÑO;PUERTA DE DUCHA  BATIENTE;0,80%;0,57%;0,64%;0,64%;0,38%;0,12%
PUERTAS DE BAÑO;TABIQUE DE BAÑOS MACHIMBRADO;0,63%;1,17%;0,78%;0,78%;0,00%;0,00%
PUERTAS DE BAÑO;PUERTA DE BAÑO TEMPLEX;0,50%;0,39%;0,30%;0,30%;0,01%;0,05%
PUERTAS DE BAÑO;PUERTA DE BAÑO ACRILICO;0,32%;0,30%;0,19%;0,19%;0,00%;0,00%
PUERTAS DE BAÑO;PUERTA DE DUCHA SLIDER TUBO RECTANGULAR;0,48%;0,16%;0,37%;0,37%;0,02%;0,00%
PUERTAS DE BAÑO;PUERTA SLIDER TUBO REDONDO;0,21%;0,13%;0,14%;0,14%;0,00%;0,00%
PUERTAS DE BAÑO;PUERTA DE DUCHA SLIDER TUBO RECTANGULAR PLUS;0,08%;0,08%;0,09%;0,09%;0,00%;0,00%
VIDRIOS;VIDRIO MONOLITICO;16,90%;23,68%;20,63%;20,63%;8,90%;2,94%
VIDRIOS;VIDRIO LAMINADO Y ESPECIALES;1,67%;1,26%;1,34%;1,34%;1,97%;0,00%
SIL Y SELL;SILICONES Y SELLADORES SIMBI;2,78%;2,34%;2,31%;2,31%;0,58%;0,67%
HERRAMIENTAS;HERRAMIENTAS HOTECHE;0,36%;0,38%;0,27%;0,27%;0,02%;0,00%
HERRAMIENTAS;HERRAMIENTAS HARDEN;0,08%;0,09%;0,07%;0,07%;0,00%;0,00%
HERRAMIENTAS;HERRAMIENTAS;0,02%;0,03%;0,02%;0,02%;0,03%;0,00%
IMPULSO;TORNILLOS Y RAMPLUGS;0,70%;0,66%;0,32%;0,32%;0,03%;0,00%
IMPULSO;REMACHES;0,11%;0,15%;0,01%;0,01%;0,01%;0,00%
IMPULSO;MECHAS Y PUNTAS;0,18%;0,18%;0,09%;0,09%;0,00%;0,00%
IMPULSO;SILICONES DE IMPULSO;0,13%;0,20%;0,07%;0,07%;0,00%;0,00%
IMPULSO;REGATONES;0,02%;0,00%;0,00%;0,00%;0,00%;0,00%
IMPULSO;SPRAY;0,02%;0,03%;0,02%;0,02%;0,00%;0,00%
CERRADURAS Y CANDADOS;CERRADURAS Y CANDADO;0,27%;0,23%;0,12%;0,12%;0,00%;0,14%
CERRADURAS Y CANDADOS;CERRADURAS Y CANDADO CISA;0,00%;0,00%;0,00%;0,00%;0,00%;0,00%
PERSIANAS Y MOSQUITEROS;PERSIANA ROLLER;1,93%;1,78%;3,96%;3,96%;45,13%;47,51%
PERSIANAS Y MOSQUITEROS;PERSIANA SHEER;1,24%;0,48%;1,56%;1,56%;12,64%;14,74%
PERSIANAS Y MOSQUITEROS;MOSQUITERO ROLLER - MOSQUITERO FIJO;0,69%;0,14%;0,41%;0,41%;0,27%;1,55%
PERSIANAS Y MOSQUITEROS;CORTINAS;0,01%;0,00%;0,00%;0,00%;0,02%;0,00%
PERSIANAS Y MOSQUITEROS;CORTINAS MOTORIZADAS: TRADICIONAL Y ONDA PERFECTA;0,00%;0,00%;0,00%;0,00%;0,00%;0,00%
PERSIANAS Y MOSQUITEROS;TOLDOS;0,01%;0,00%;0,00%;0,00%;0,00%;0,00%
LAMINAS;LÁMINAS DE POLICARBONATO;6,24%;3,61%;4,37%;4,37%;6,61%;14,28%
LAMINAS;DRYWALL;1,46%;3,46%;1,30%;1,30%;0,77%;0,00%
LAMINAS;LAMINAS DE ALUMINIO Y ALUCOBOND;1,85%;3,50%;2,74%;2,74%;1,06%;1,06%
LAMINAS;ILUMINACION;0,06%;0,07%;0,02%;0,02%;0,00%;0,00%
SERVICIOS;SERVICIO DE CANTO PULIDO;0,24%;1,12%;0,23%;0,23%;0,00%;0,00%
SERVICIOS;SERVICIO DE FLETE;0,83%;0,50%;0,41%;0,41%;2,20%;1,42%
SERVICIOS;SERVICIO DE CORTE Y MECANIZADO;0,42%;0,24%;0,23%;0,23%;0,12%;0,00%
SERVICIOS;CURRIER;0,00%;0,00%;0,00%;0,00%;0,05%;0,00%
SERVICIOS;PERFORACIONES DE VIDRIO;0,00%;0,00%;0,00%;0,00%;0,00%;0,00%
SERVICIOS;PERFORACIONES;0,00%;0,01%;0,00%;0,00%;0,00%;0,00%
PT CON INSTALACION;PT ALUMINIO Y VIDRIO;8,46%;7,02%;11,32%;11,32%;1,36%;3,32%
PT CON INSTALACION;PT PERSIANAS;0,78%;1,01%;2,00%;2,00%;0,00%;0,69%
PT CON INSTALACION;PT TEMPLADO;1,57%;1,47%;3,14%;3,14%;0,00%;0,00%
#N/D;#N/D;0,00%;0,00%;0,00%;0,00%;0,00%;0,00%
#N/D;TOLDOS: EXTENSIBLES Y VERTICALES;0,00%;0,00%;0,00%;0,00%;0,00%;0,00%
#N/D;GENERAL;0,04%;0,05%;0,07%;0,07%;0,00%;0,00%
#N/D;GRANEL;0,27%;0,43%;0,22%;0,22%;0,11%;0,00%
#N/D;CONSUMIBLES PARA FABRICACION;0,01%;0,00%;0,00%;0,00%;0,00%;0,00%
#N/D;MANTENIMIENTO DE INFRAESTRUCTURA;0,01%;0,02%;0,00%;0,00%;0,00%;0,00%
#N/D;PAPELERIA;0,00%;0,00%;0,00%;0,00%;0,00%;0,00%
#N/D;TEMPLADO Y MECANIZADO;0,00%;0,00%;0,00%;0,00%;0,00%;0,00%
#N/D;ARTILUGIO CONTABLE;0,01%;0,00%;0,05%;0,05%;0,00%;0,00%
PAPEL NANO.;PAPEL NANOCERAMICO;0,07%;0,01%;0,06%;0,06%;0,02%;0,05%
MUESTRAS Y CATALOGOS;CATALOGOS;0,00%;0,01%;0,01%;0,01%;0,00%;0,00%
MUESTRAS Y CATALOGOS;MUESTRAS Y CODOS;0,00%;0,00%;0,00%;0,00%;0,00%;0,00%
CARPINTERIA;VITRINA PARA MUEBLES;0,12%;0,07%;0,12%;0,12%;0,00%;0,00%
SERVICIOS EXTERNOS;CURRIER;0,00%;0,00%;0,00%;0,00%;0,00%;0,00%
;;;;;;;
;;;;;;;
